﻿<LibraryDocument xmlns:xsi="http://www.w3.org/2001/XMLSchema-instance" xmlns:xsd="http://www.w3.org/2001/XMLSchema">
  <Properties>
    <Property Name="AUTHORING_SCOPE" Value="ScopeId_0D2F2AC8-C331-4385-854D-F4B66A86C589" />
  </Properties>
  <Contents>
    <Content UniqueId="316850a6-1647-4a19-bcab-7121cadb272b" Hash="" Description="OSD-Get-DynamicPackage" RelativePath="OSD-Get-DynamicPackage" FullPath="C:\tmp\SCCM Drivers AUto Package and Setup\OSD-Get-DynamicPackage_files\OSD-Get-DynamicPackage\" SingleFile="false" StorageType="" FullOwnership="true" OriginalPath="\\ecm.era\pkg_source\OSD\DynamicDriverPackages\OSD-Get-DynamicPackage\" OriginalStorage="" />
  </Contents>
  <EntryObjects>
    <Object Path="SMS_Package.PackageID='CAS00567'" Type="SMS_Package" />
  </EntryObjects>
</LibraryDocument>